{
    "max_index": 150,
    "0": {
        "X": [
            5.1,
            3.5,
            1.4,
            0.2
        ],
        "y": "Iris-setosa"
    },
    "1": {
        "X": [
            4.9,
            3.0,
            1.4,
            0.2
        ],
        "y": "Iris-setosa"
    },
    "2": {
        "X": [
            4.7,
            3.2,
            1.3,
            0.2
        ],
        "y": "Iris-setosa"
    },
    "3": {
        "X": [
            4.6,
            3.1,
            1.5,
            0.2
        ],
        "y": "Iris-setosa"
    },
    "4": {
        "X": [
            5.0,
            3.6,
            1.4,
            0.2
        ],
        "y": "Iris-setosa"
    },
    "5": {
        "X": [
            5.4,
            3.9,
            1.7,
            0.4
        ],
        "y": "Iris-setosa"
    },
    "6": {
        "X": [
            4.6,
            3.4,
            1.4,
            0.3
        ],
        "y": "Iris-setosa"
    },
    "7": {
        "X": [
            5.0,
            3.4,
            1.5,
            0.2
        ],
        "y": "Iris-setosa"
    },
    "8": {
        "X": [
            4.4,
            2.9,
            1.4,
            0.2
        ],
        "y": "Iris-setosa"
    },
    "9": {
        "X": [
            4.9,
            3.1,
            1.5,
            0.1
        ],
        "y": "Iris-setosa"
    },
    "10": {
        "X": [
            5.4,
            3.7,
            1.5,
            0.2
        ],
        "y": "Iris-setosa"
    },
    "11": {
        "X": [
            4.8,
            3.4,
            1.6,
            0.2
        ],
        "y": "Iris-setosa"
    },
    "12": {
        "X": [
            4.8,
            3.0,
            1.4,
            0.1
        ],
        "y": "Iris-setosa"
    },
    "13": {
        "X": [
            4.3,
            3.0,
            1.1,
            0.1
        ],
        "y": "Iris-setosa"
    },
    "14": {
        "X": [
            5.8,
            4.0,
            1.2,
            0.2
        ],
        "y": "Iris-setosa"
    },
    "15": {
        "X": [
            5.7,
            4.4,
            1.5,
            0.4
        ],
        "y": "Iris-setosa"
    },
    "16": {
        "X": [
            5.4,
            3.9,
            1.3,
            0.4
        ],
        "y": "Iris-setosa"
    },
    "17": {
        "X": [
            5.1,
            3.5,
            1.4,
            0.3
        ],
        "y": "Iris-setosa"
    },
    "18": {
        "X": [
            5.7,
            3.8,
            1.7,
            0.3
        ],
        "y": "Iris-setosa"
    },
    "19": {
        "X": [
            5.1,
            3.8,
            1.5,
            0.3
        ],
        "y": "Iris-setosa"
    },
    "20": {
        "X": [
            5.4,
            3.4,
            1.7,
            0.2
        ],
        "y": "Iris-setosa"
    },
    "21": {
        "X": [
            5.1,
            3.7,
            1.5,
            0.4
        ],
        "y": "Iris-setosa"
    },
    "22": {
        "X": [
            4.6,
            3.6,
            1.0,
            0.2
        ],
        "y": "Iris-setosa"
    },
    "23": {
        "X": [
            5.1,
            3.3,
            1.7,
            0.5
        ],
        "y": "Iris-setosa"
    },
    "24": {
        "X": [
            4.8,
            3.4,
            1.9,
            0.2
        ],
        "y": "Iris-setosa"
    },
    "25": {
        "X": [
            5.0,
            3.0,
            1.6,
            0.2
        ],
        "y": "Iris-setosa"
    },
    "26": {
        "X": [
            5.0,
            3.4,
            1.6,
            0.4
        ],
        "y": "Iris-setosa"
    },
    "27": {
        "X": [
            5.2,
            3.5,
            1.5,
            0.2
        ],
        "y": "Iris-setosa"
    },
    "28": {
        "X": [
            5.2,
            3.4,
            1.4,
            0.2
        ],
        "y": "Iris-setosa"
    },
    "29": {
        "X": [
            4.7,
            3.2,
            1.6,
            0.2
        ],
        "y": "Iris-setosa"
    },
    "30": {
        "X": [
            4.8,
            3.1,
            1.6,
            0.2
        ],
        "y": "Iris-setosa"
    },
    "31": {
        "X": [
            5.4,
            3.4,
            1.5,
            0.4
        ],
        "y": "Iris-setosa"
    },
    "32": {
        "X": [
            5.2,
            4.1,
            1.5,
            0.1
        ],
        "y": "Iris-setosa"
    },
    "33": {
        "X": [
            5.5,
            4.2,
            1.4,
            0.2
        ],
        "y": "Iris-setosa"
    },
    "34": {
        "X": [
            4.9,
            3.1,
            1.5,
            0.1
        ],
        "y": "Iris-setosa"
    },
    "35": {
        "X": [
            5.0,
            3.2,
            1.2,
            0.2
        ],
        "y": "Iris-setosa"
    },
    "36": {
        "X": [
            5.5,
            3.5,
            1.3,
            0.2
        ],
        "y": "Iris-setosa"
    },
    "37": {
        "X": [
            4.9,
            3.1,
            1.5,
            0.1
        ],
        "y": "Iris-setosa"
    },
    "38": {
        "X": [
            4.4,
            3.0,
            1.3,
            0.2
        ],
        "y": "Iris-setosa"
    },
    "39": {
        "X": [
            5.1,
            3.4,
            1.5,
            0.2
        ],
        "y": "Iris-setosa"
    },
    "40": {
        "X": [
            5.0,
            3.5,
            1.3,
            0.3
        ],
        "y": "Iris-setosa"
    },
    "41": {
        "X": [
            4.5,
            2.3,
            1.3,
            0.3
        ],
        "y": "Iris-setosa"
    },
    "42": {
        "X": [
            4.4,
            3.2,
            1.3,
            0.2
        ],
        "y": "Iris-setosa"
    },
    "43": {
        "X": [
            5.0,
            3.5,
            1.6,
            0.6
        ],
        "y": "Iris-setosa"
    },
    "44": {
        "X": [
            5.1,
            3.8,
            1.9,
            0.4
        ],
        "y": "Iris-setosa"
    },
    "45": {
        "X": [
            4.8,
            3.0,
            1.4,
            0.3
        ],
        "y": "Iris-setosa"
    },
    "46": {
        "X": [
            5.1,
            3.8,
            1.6,
            0.2
        ],
        "y": "Iris-setosa"
    },
    "47": {
        "X": [
            4.6,
            3.2,
            1.4,
            0.2
        ],
        "y": "Iris-setosa"
    },
    "48": {
        "X": [
            5.3,
            3.7,
            1.5,
            0.2
        ],
        "y": "Iris-setosa"
    },
    "49": {
        "X": [
            5.0,
            3.3,
            1.4,
            0.2
        ],
        "y": "Iris-setosa"
    },
    "50": {
        "X": [
            7.0,
            3.2,
            4.7,
            1.4
        ],
        "y": "Iris-versicolor"
    },
    "51": {
        "X": [
            6.4,
            3.2,
            4.5,
            1.5
        ],
        "y": "Iris-versicolor"
    },
    "52": {
        "X": [
            6.9,
            3.1,
            4.9,
            1.5
        ],
        "y": "Iris-versicolor"
    },
    "53": {
        "X": [
            5.5,
            2.3,
            4.0,
            1.3
        ],
        "y": "Iris-versicolor"
    },
    "54": {
        "X": [
            6.5,
            2.8,
            4.6,
            1.5
        ],
        "y": "Iris-versicolor"
    },
    "55": {
        "X": [
            5.7,
            2.8,
            4.5,
            1.3
        ],
        "y": "Iris-versicolor"
    },
    "56": {
        "X": [
            6.3,
            3.3,
            4.7,
            1.6
        ],
        "y": "Iris-versicolor"
    },
    "57": {
        "X": [
            4.9,
            2.4,
            3.3,
            1.0
        ],
        "y": "Iris-versicolor"
    },
    "58": {
        "X": [
            6.6,
            2.9,
            4.6,
            1.3
        ],
        "y": "Iris-versicolor"
    },
    "59": {
        "X": [
            5.2,
            2.7,
            3.9,
            1.4
        ],
        "y": "Iris-versicolor"
    },
    "60": {
        "X": [
            5.0,
            2.0,
            3.5,
            1.0
        ],
        "y": "Iris-versicolor"
    },
    "61": {
        "X": [
            5.9,
            3.0,
            4.2,
            1.5
        ],
        "y": "Iris-versicolor"
    },
    "62": {
        "X": [
            6.0,
            2.2,
            4.0,
            1.0
        ],
        "y": "Iris-versicolor"
    },
    "63": {
        "X": [
            6.1,
            2.9,
            4.7,
            1.4
        ],
        "y": "Iris-versicolor"
    },
    "64": {
        "X": [
            5.6,
            2.9,
            3.6,
            1.3
        ],
        "y": "Iris-versicolor"
    },
    "65": {
        "X": [
            6.7,
            3.1,
            4.4,
            1.4
        ],
        "y": "Iris-versicolor"
    },
    "66": {
        "X": [
            5.6,
            3.0,
            4.5,
            1.5
        ],
        "y": "Iris-versicolor"
    },
    "67": {
        "X": [
            5.8,
            2.7,
            4.1,
            1.0
        ],
        "y": "Iris-versicolor"
    },
    "68": {
        "X": [
            6.2,
            2.2,
            4.5,
            1.5
        ],
        "y": "Iris-versicolor"
    },
    "69": {
        "X": [
            5.6,
            2.5,
            3.9,
            1.1
        ],
        "y": "Iris-versicolor"
    },
    "70": {
        "X": [
            5.9,
            3.2,
            4.8,
            1.8
        ],
        "y": "Iris-versicolor"
    },
    "71": {
        "X": [
            6.1,
            2.8,
            4.0,
            1.3
        ],
        "y": "Iris-versicolor"
    },
    "72": {
        "X": [
            6.3,
            2.5,
            4.9,
            1.5
        ],
        "y": "Iris-versicolor"
    },
    "73": {
        "X": [
            6.1,
            2.8,
            4.7,
            1.2
        ],
        "y": "Iris-versicolor"
    },
    "74": {
        "X": [
            6.4,
            2.9,
            4.3,
            1.3
        ],
        "y": "Iris-versicolor"
    },
    "75": {
        "X": [
            6.6,
            3.0,
            4.4,
            1.4
        ],
        "y": "Iris-versicolor"
    },
    "76": {
        "X": [
            6.8,
            2.8,
            4.8,
            1.4
        ],
        "y": "Iris-versicolor"
    },
    "77": {
        "X": [
            6.7,
            3.0,
            5.0,
            1.7
        ],
        "y": "Iris-versicolor"
    },
    "78": {
        "X": [
            6.0,
            2.9,
            4.5,
            1.5
        ],
        "y": "Iris-versicolor"
    },
    "79": {
        "X": [
            5.7,
            2.6,
            3.5,
            1.0
        ],
        "y": "Iris-versicolor"
    },
    "80": {
        "X": [
            5.5,
            2.4,
            3.8,
            1.1
        ],
        "y": "Iris-versicolor"
    },
    "81": {
        "X": [
            5.5,
            2.4,
            3.7,
            1.0
        ],
        "y": "Iris-versicolor"
    },
    "82": {
        "X": [
            5.8,
            2.7,
            3.9,
            1.2
        ],
        "y": "Iris-versicolor"
    },
    "83": {
        "X": [
            6.0,
            2.7,
            5.1,
            1.6
        ],
        "y": "Iris-versicolor"
    },
    "84": {
        "X": [
            5.4,
            3.0,
            4.5,
            1.5
        ],
        "y": "Iris-versicolor"
    },
    "85": {
        "X": [
            6.0,
            3.4,
            4.5,
            1.6
        ],
        "y": "Iris-versicolor"
    },
    "86": {
        "X": [
            6.7,
            3.1,
            4.7,
            1.5
        ],
        "y": "Iris-versicolor"
    },
    "87": {
        "X": [
            6.3,
            2.3,
            4.4,
            1.3
        ],
        "y": "Iris-versicolor"
    },
    "88": {
        "X": [
            5.6,
            3.0,
            4.1,
            1.3
        ],
        "y": "Iris-versicolor"
    },
    "89": {
        "X": [
            5.5,
            2.5,
            4.0,
            1.3
        ],
        "y": "Iris-versicolor"
    },
    "90": {
        "X": [
            5.5,
            2.6,
            4.4,
            1.2
        ],
        "y": "Iris-versicolor"
    },
    "91": {
        "X": [
            6.1,
            3.0,
            4.6,
            1.4
        ],
        "y": "Iris-versicolor"
    },
    "92": {
        "X": [
            5.8,
            2.6,
            4.0,
            1.2
        ],
        "y": "Iris-versicolor"
    },
    "93": {
        "X": [
            5.0,
            2.3,
            3.3,
            1.0
        ],
        "y": "Iris-versicolor"
    },
    "94": {
        "X": [
            5.6,
            2.7,
            4.2,
            1.3
        ],
        "y": "Iris-versicolor"
    },
    "95": {
        "X": [
            5.7,
            3.0,
            4.2,
            1.2
        ],
        "y": "Iris-versicolor"
    },
    "96": {
        "X": [
            5.7,
            2.9,
            4.2,
            1.3
        ],
        "y": "Iris-versicolor"
    },
    "97": {
        "X": [
            6.2,
            2.9,
            4.3,
            1.3
        ],
        "y": "Iris-versicolor"
    },
    "98": {
        "X": [
            5.1,
            2.5,
            3.0,
            1.1
        ],
        "y": "Iris-versicolor"
    },
    "99": {
        "X": [
            5.7,
            2.8,
            4.1,
            1.3
        ],
        "y": "Iris-versicolor"
    },
    "100": {
        "X": [
            6.3,
            3.3,
            6.0,
            2.5
        ],
        "y": "Iris-virginica"
    },
    "101": {
        "X": [
            5.8,
            2.7,
            5.1,
            1.9
        ],
        "y": "Iris-virginica"
    },
    "102": {
        "X": [
            7.1,
            3.0,
            5.9,
            2.1
        ],
        "y": "Iris-virginica"
    },
    "103": {
        "X": [
            6.3,
            2.9,
            5.6,
            1.8
        ],
        "y": "Iris-virginica"
    },
    "104": {
        "X": [
            6.5,
            3.0,
            5.8,
            2.2
        ],
        "y": "Iris-virginica"
    },
    "105": {
        "X": [
            7.6,
            3.0,
            6.6,
            2.1
        ],
        "y": "Iris-virginica"
    },
    "106": {
        "X": [
            4.9,
            2.5,
            4.5,
            1.7
        ],
        "y": "Iris-virginica"
    },
    "107": {
        "X": [
            7.3,
            2.9,
            6.3,
            1.8
        ],
        "y": "Iris-virginica"
    },
    "108": {
        "X": [
            6.7,
            2.5,
            5.8,
            1.8
        ],
        "y": "Iris-virginica"
    },
    "109": {
        "X": [
            7.2,
            3.6,
            6.1,
            2.5
        ],
        "y": "Iris-virginica"
    },
    "110": {
        "X": [
            6.5,
            3.2,
            5.1,
            2.0
        ],
        "y": "Iris-virginica"
    },
    "111": {
        "X": [
            6.4,
            2.7,
            5.3,
            1.9
        ],
        "y": "Iris-virginica"
    },
    "112": {
        "X": [
            6.8,
            3.0,
            5.5,
            2.1
        ],
        "y": "Iris-virginica"
    },
    "113": {
        "X": [
            5.7,
            2.5,
            5.0,
            2.0
        ],
        "y": "Iris-virginica"
    },
    "114": {
        "X": [
            5.8,
            2.8,
            5.1,
            2.4
        ],
        "y": "Iris-virginica"
    },
    "115": {
        "X": [
            6.4,
            3.2,
            5.3,
            2.3
        ],
        "y": "Iris-virginica"
    },
    "116": {
        "X": [
            6.5,
            3.0,
            5.5,
            1.8
        ],
        "y": "Iris-virginica"
    },
    "117": {
        "X": [
            7.7,
            3.8,
            6.7,
            2.2
        ],
        "y": "Iris-virginica"
    },
    "118": {
        "X": [
            7.7,
            2.6,
            6.9,
            2.3
        ],
        "y": "Iris-virginica"
    },
    "119": {
        "X": [
            6.0,
            2.2,
            5.0,
            1.5
        ],
        "y": "Iris-virginica"
    },
    "120": {
        "X": [
            6.9,
            3.2,
            5.7,
            2.3
        ],
        "y": "Iris-virginica"
    },
    "121": {
        "X": [
            5.6,
            2.8,
            4.9,
            2.0
        ],
        "y": "Iris-virginica"
    },
    "122": {
        "X": [
            7.7,
            2.8,
            6.7,
            2.0
        ],
        "y": "Iris-virginica"
    },
    "123": {
        "X": [
            6.3,
            2.7,
            4.9,
            1.8
        ],
        "y": "Iris-virginica"
    },
    "124": {
        "X": [
            6.7,
            3.3,
            5.7,
            2.1
        ],
        "y": "Iris-virginica"
    },
    "125": {
        "X": [
            7.2,
            3.2,
            6.0,
            1.8
        ],
        "y": "Iris-virginica"
    },
    "126": {
        "X": [
            6.2,
            2.8,
            4.8,
            1.8
        ],
        "y": "Iris-virginica"
    },
    "127": {
        "X": [
            6.1,
            3.0,
            4.9,
            1.8
        ],
        "y": "Iris-virginica"
    },
    "128": {
        "X": [
            6.4,
            2.8,
            5.6,
            2.1
        ],
        "y": "Iris-virginica"
    },
    "129": {
        "X": [
            7.2,
            3.0,
            5.8,
            1.6
        ],
        "y": "Iris-virginica"
    },
    "130": {
        "X": [
            7.4,
            2.8,
            6.1,
            1.9
        ],
        "y": "Iris-virginica"
    },
    "131": {
        "X": [
            7.9,
            3.8,
            6.4,
            2.0
        ],
        "y": "Iris-virginica"
    },
    "132": {
        "X": [
            6.4,
            2.8,
            5.6,
            2.2
        ],
        "y": "Iris-virginica"
    },
    "133": {
        "X": [
            6.3,
            2.8,
            5.1,
            1.5
        ],
        "y": "Iris-virginica"
    },
    "134": {
        "X": [
            6.1,
            2.6,
            5.6,
            1.4
        ],
        "y": "Iris-virginica"
    },
    "135": {
        "X": [
            7.7,
            3.0,
            6.1,
            2.3
        ],
        "y": "Iris-virginica"
    },
    "136": {
        "X": [
            6.3,
            3.4,
            5.6,
            2.4
        ],
        "y": "Iris-virginica"
    },
    "137": {
        "X": [
            6.4,
            3.1,
            5.5,
            1.8
        ],
        "y": "Iris-virginica"
    },
    "138": {
        "X": [
            6.0,
            3.0,
            4.8,
            1.8
        ],
        "y": "Iris-virginica"
    },
    "139": {
        "X": [
            6.9,
            3.1,
            5.4,
            2.1
        ],
        "y": "Iris-virginica"
    },
    "140": {
        "X": [
            6.7,
            3.1,
            5.6,
            2.4
        ],
        "y": "Iris-virginica"
    },
    "141": {
        "X": [
            6.9,
            3.1,
            5.1,
            2.3
        ],
        "y": "Iris-virginica"
    },
    "142": {
        "X": [
            5.8,
            2.7,
            5.1,
            1.9
        ],
        "y": "Iris-virginica"
    },
    "143": {
        "X": [
            6.8,
            3.2,
            5.9,
            2.3
        ],
        "y": "Iris-virginica"
    },
    "144": {
        "X": [
            6.7,
            3.3,
            5.7,
            2.5
        ],
        "y": "Iris-virginica"
    },
    "145": {
        "X": [
            6.7,
            3.0,
            5.2,
            2.3
        ],
        "y": "Iris-virginica"
    },
    "146": {
        "X": [
            6.3,
            2.5,
            5.0,
            1.9
        ],
        "y": "Iris-virginica"
    },
    "147": {
        "X": [
            6.5,
            3.0,
            5.2,
            2.0
        ],
        "y": "Iris-virginica"
    },
    "148": {
        "X": [
            6.2,
            3.4,
            5.4,
            2.3
        ],
        "y": "Iris-virginica"
    },
    "149": {
        "X": [
            5.9,
            3.0,
            5.1,
            1.8
        ],
        "y": "Iris-virginica"
    }
}